<?xml version="1.0" encoding="UTF-8"?>
<info>
    <id>MQTT</id>
    <name>MQTT</name>
    <description>Permet de gérer des équipements accessible par le protocole MQTT, utilise le broker Mosquitto</description>
    <icon>fa fa-rss</icon>
    <licence>AGPL</licence>
    <author>lunarok</author>
    <installation>Le plugin nécessite Mosquitto (broker MQTT).</installation>
    <require>1.166</require>
    <version>0.1</version>
    <category>automation protocol</category>
    <allowRemote>0</allowRemote>
</info>

